"","V1","V2","V3","V4","V5","V6","V7","V8","V9","V10","V11","V12","V13","V14","V15","V16","V17","V18","V19","V20","V21","V22","V23","V24","V25","V26","V27","V28","V29","V30","V31","V32","V33","V34","V35","V36","V37"
"1",0.240056604146957,0.65808779001236,0.492244124412537,0.500407159328461,0.449512392282486,0.55431205034256,0.560566961765289,0.321519136428833,0.373090744018555,0.179122656583786,0.62773609161377,0.422690868377686,0.470474898815155,0.222946494817734,0.367531359195709,0.346883088350296,0.263054192066193,0.400030076503754,0.55318284034729,0.370033651590347,0.510044157505035,0.495840042829514,0.406435251235962,0.622519731521606,0.493280291557312,0.199968114495277,0.454070448875427,0.578079998493195,0.322258412837982,0.241924330592155,0.382419884204865,0.22023431956768,0.297140091657639,0.391333878040314,0.504664719104767,0.593502163887024,0.532371163368225
"2",0.319693028926849,0.5189049243927,0.524753034114838,0.501583635807037,0.470430731773376,0.553205609321594,0.566149830818176,0.43022409081459,0.397479891777039,0.28007960319519,0.499753713607788,0.419004201889038,0.493635177612305,0.420055329799652,0.397187501192093,0.335294961929321,0.361941307783127,0.487516343593597,0.497478038072586,0.469225138425827,0.565493702888489,0.540069758892059,0.518458306789398,0.561116814613342,0.528774082660675,0.303637862205505,0.442440122365952,0.465175569057465,0.466683387756348,0.396955490112305,0.396942645311356,0.325414389371872,0.312549978494644,0.421279102563858,0.505612790584564,0.52009528875351,0.575850605964661
"3",0.290674209594727,0.556657552719116,0.542124509811401,0.553813815116882,0.48403212428093,0.539949834346771,0.620081067085266,0.324437826871872,0.387764453887939,0.2584488093853,0.530402183532715,0.406727492809296,0.51202380657196,0.349185466766357,0.422508329153061,0.374916702508926,0.389671713113785,0.504446089267731,0.526543855667114,0.371460646390915,0.535978019237518,0.602965474128723,0.533363342285156,0.575740158557892,0.460825979709625,0.278321623802185,0.415717869997025,0.412929564714432,0.354328125715256,0.316502630710602,0.415821820497513,0.290243566036224,0.314516842365265,0.426693499088287,0.477927595376968,0.507105469703674,0.52169668674469
"4",0.242650628089905,0.549173533916473,0.490141451358795,0.489480674266815,0.524801135063171,0.48479562997818,0.550199389457703,0.413918912410736,0.324993908405304,0.19573962688446,0.57487016916275,0.443436533212662,0.552788257598877,0.321962088346481,0.39878123998642,0.30711105465889,0.290147751569748,0.399744898080826,0.464594572782516,0.375566750764847,0.557512223720551,0.434762835502625,0.464472830295563,0.544365227222443,0.611192047595978,0.160625368356705,0.39058592915535,0.497216910123825,0.400506049394608,0.280747383832932,0.406049251556396,0.233988299965858,0.310944318771362,0.406449019908905,0.546028733253479,0.478523790836334,0.516615748405457
"5",0.363602250814438,0.515066027641296,0.526544570922852,0.531761407852173,0.530758619308472,0.508271336555481,0.583950102329254,0.387987226247787,0.427708446979523,0.344207376241684,0.534034729003906,0.466189235448837,0.505395174026489,0.42700070142746,0.495299369096756,0.416674345731735,0.446879237890244,0.515528798103333,0.483589142560959,0.373518049716949,0.517472267150879,0.580262124538422,0.526233017444611,0.526820421218872,0.490427762269974,0.341784983873367,0.429111421108246,0.424666523933411,0.404059886932373,0.35606849193573,0.442793786525726,0.347240149974823,0.408144623041153,0.454701960086823,0.507416248321533,0.450347244739532,0.468110412359238
"6",0.286976516246796,0.522516787052155,0.515952467918396,0.504513502120972,0.500632047653198,0.538909077644348,0.572253048419952,0.419399291276932,0.374633997678757,0.249102368950844,0.524302840232849,0.432534515857697,0.516036927700043,0.391079992055893,0.409930616617203,0.327888369560242,0.349216908216476,0.468752324581146,0.474359095096588,0.423287212848663,0.558266460895538,0.52614152431488,0.51197749376297,0.548652350902557,0.558964014053345,0.253222554922104,0.421859979629517,0.460264325141907,0.444818735122681,0.348150104284286,0.388318061828613,0.290568977594376,0.31585967540741,0.409127414226532,0.531434834003448,0.495162546634674,0.54865962266922
"7",0.31388184428215,0.540550053119659,0.553352057933807,0.529103696346283,0.522683501243591,0.497683048248291,0.579045355319977,0.373921871185303,0.46534052491188,0.437918245792389,0.519055187702179,0.496371746063232,0.564165532588959,0.375381797552109,0.460866093635559,0.537941336631775,0.545882046222687,0.477206438779831,0.380349487066269,0.35673114657402,0.415668606758118,0.547545731067657,0.554712057113647,0.383130192756653,0.520330429077148,0.422467231750488,0.437692791223526,0.367902040481567,0.399344146251678,0.388566374778748,0.361318647861481,0.466496348381042,0.431898564100266,0.388742089271545,0.579314589500427,0.4518823325634,0.431460559368134
"8",0.403007864952087,0.532987475395203,0.503131985664368,0.494479417800903,0.510613679885864,0.504189074039459,0.513430953025818,0.452969342470169,0.447041481733322,0.382847040891647,0.537265002727509,0.489833146333694,0.499388724565506,0.422717452049255,0.480048149824142,0.442625373601913,0.434160768985748,0.467530280351639,0.473600059747696,0.431472718715668,0.49140802025795,0.496123105287552,0.47745406627655,0.504499137401581,0.540318429470062,0.383359640836716,0.465207606554031,0.492983847856522,0.453070729970932,0.398368716239929,0.446585953235626,0.39680689573288,0.448420137166977,0.452498137950897,0.521681845188141,0.483951538801193,0.481622606515884
"9",0.245680570602417,0.62132865190506,0.473703503608704,0.489409148693085,0.528947591781616,0.477478086948395,0.558698177337646,0.339371114969254,0.355311363935471,0.183578699827194,0.66479879617691,0.470639556646347,0.493868082761765,0.247992292046547,0.436274945735931,0.340880990028381,0.267938137054443,0.392890334129333,0.513233721256256,0.301755040884018,0.521893262863159,0.458581268787384,0.398395150899887,0.592682301998138,0.525151133537292,0.152292266488075,0.413022816181183,0.57157164812088,0.307996541261673,0.20998141169548,0.42476499080658,0.196263685822487,0.348666280508041,0.423444837331772,0.530528903007507,0.496508657932281,0.447374820709229
"10",0.380495637655258,0.489454209804535,0.519078493118286,0.499756455421448,0.587607085704803,0.410466343164444,0.565144002437592,0.41240531206131,0.448999136686325,0.42905455827713,0.57375955581665,0.530467808246613,0.525663495063782,0.455915093421936,0.545550227165222,0.470627635717392,0.491623431444168,0.492438077926636,0.416725903749466,0.319134414196014,0.492688894271851,0.510969042778015,0.512728750705719,0.440451115369797,0.500377297401428,0.324682235717773,0.407868236303329,0.424595683813095,0.390629082918167,0.358681946992874,0.471203655004501,0.387391090393066,0.485473662614822,0.48175847530365,0.543623208999634,0.365430057048798,0.36874058842659
"11",0.298668593168259,0.598830699920654,0.530533730983734,0.539632320404053,0.447373896837234,0.556146025657654,0.574329316616058,0.341450423002243,0.398899972438812,0.268631815910339,0.531701803207397,0.408628046512604,0.514069378376007,0.30554935336113,0.389544188976288,0.408589273691177,0.379014074802399,0.459296315908432,0.531730234622955,0.412979573011398,0.497142642736435,0.55034077167511,0.495377063751221,0.565042436122894,0.489034414291382,0.312149077653885,0.448449373245239,0.45884770154953,0.366671830415726,0.33303314447403,0.404337286949158,0.323219776153564,0.32612407207489,0.40818664431572,0.481997936964035,0.564423859119415,0.545105218887329
"12",0.330178916454315,0.564339220523834,0.498589932918549,0.509632587432861,0.528986990451813,0.473151564598083,0.558203101158142,0.37245038151741,0.396608054637909,0.279850423336029,0.596872568130493,0.471221506595612,0.501560747623444,0.345673739910126,0.47583082318306,0.393310964107513,0.3641277551651,0.453002601861954,0.509013831615448,0.344323754310608,0.519147932529449,0.504302144050598,0.457196325063705,0.557967126369476,0.501939117908478,0.247045964002609,0.422317177057266,0.500370919704437,0.354797869920731,0.292164474725723,0.464494496583939,0.282440781593323,0.399053364992142,0.460165023803711,0.501378655433655,0.467495173215866,0.449094444513321
"13",0.364876538515091,0.573495030403137,0.48965522646904,0.464501887559891,0.493822365999222,0.490205943584442,0.501308441162109,0.438865840435028,0.442593157291412,0.341575175523758,0.585972130298615,0.493115812540054,0.47456282377243,0.363725304603577,0.446182996034622,0.422911733388901,0.369947552680969,0.427658468484879,0.484274119138718,0.420769840478897,0.493546009063721,0.449316710233688,0.428154468536377,0.522666215896606,0.526015162467957,0.322055488824844,0.472767978906631,0.559917688369751,0.423402965068817,0.36345174908638,0.434091091156006,0.355748444795609,0.422655761241913,0.444701820611954,0.526413142681122,0.509621143341064,0.477033764123917
"14",0.320725053548813,0.598071217536926,0.489533334970474,0.494397342205048,0.417948007583618,0.515333414077759,0.510082006454468,0.407298177480698,0.338270664215088,0.200845390558243,0.543667256832123,0.375940471887589,0.496356517076492,0.310972422361374,0.344033598899841,0.301746934652328,0.251393646001816,0.402538269758224,0.609488546848297,0.490137547254562,0.587475895881653,0.426870584487915,0.422563374042511,0.65526670217514,0.531677544116974,0.205628484487534,0.440420567989349,0.568560004234314,0.395049780607224,0.338862836360931,0.488084465265274,0.253021121025085,0.285215795040131,0.460229754447937,0.420031368732452,0.596026182174683,0.607712090015411
"15",0.280966132879257,0.640844285488129,0.532167971134186,0.50683581829071,0.415029466152191,0.548685908317566,0.565763473510742,0.32354074716568,0.43434476852417,0.286267012357712,0.570185720920563,0.418799847364426,0.475433617830276,0.265591382980347,0.354812979698181,0.433892279863358,0.359548568725586,0.434995412826538,0.529908895492554,0.414603590965271,0.474427282810211,0.523055076599121,0.458323746919632,0.554365575313568,0.440140545368195,0.321918964385986,0.476015508174896,0.514781594276428,0.344146400690079,0.336064666509628,0.376119554042816,0.339281499385834,0.316173136234283,0.396291255950928,0.489861220121384,0.597884774208069,0.533826112747192
"16",0.334198325872421,0.527913331985474,0.537052094936371,0.512941777706146,0.53811913728714,0.4879050552845,0.564664483070374,0.400537937879562,0.463331371545792,0.427932649850845,0.535265147686005,0.509753584861755,0.544770419597626,0.399252533912659,0.481833755970001,0.509600877761841,0.518759489059448,0.477137833833694,0.38860034942627,0.360172510147095,0.437672138214111,0.532345473766327,0.533891975879669,0.404186069965363,0.529309153556824,0.40018218755722,0.439531028270721,0.401219338178635,0.415565729141235,0.383904039859772,0.380832225084305,0.441542774438858,0.447477400302887,0.407323360443115,0.578485369682312,0.437833428382874,0.425481259822845
"17",0.268084734678268,0.632488787174225,0.468804150819778,0.533677518367767,0.485079109668732,0.58239221572876,0.543085277080536,0.354895770549774,0.330101788043976,0.148034155368805,0.602549374103546,0.418223202228546,0.504628121852875,0.243181124329567,0.41484597325325,0.314194202423096,0.257187068462372,0.407005190849304,0.573317110538483,0.377103596925735,0.527017772197723,0.508814036846161,0.412730753421783,0.659024775028229,0.576548755168915,0.188429579138756,0.439606487751007,0.560517370700836,0.353089481592178,0.221857652068138,0.419870764017105,0.190850272774696,0.323998302221298,0.401632875204086,0.498445361852646,0.580496490001678,0.554418742656708
"18",0.241637721657753,0.521201372146606,0.518941819667816,0.513145387172699,0.499271929264069,0.557470142841339,0.596640586853027,0.402603507041931,0.340036183595657,0.195311158895493,0.520526945590973,0.408051371574402,0.527224659919739,0.370541155338287,0.383700162172318,0.282435417175293,0.312649130821228,0.466816902160645,0.476661533117294,0.415110766887665,0.58419007062912,0.540295243263245,0.524933934211731,0.571244716644287,0.573918104171753,0.203168407082558,0.402163863182068,0.445935517549515,0.437942296266556,0.318377047777176,0.364616006612778,0.244137793779373,0.267143696546555,0.388720244169235,0.53666627407074,0.501335501670837,0.577049672603607
"19",0.272274345159531,0.647399485111237,0.491582989692688,0.431652098894119,0.416625082492828,0.562941610813141,0.539865732192993,0.372278720140457,0.446331858634949,0.229262381792068,0.641155958175659,0.446201890707016,0.377362281084061,0.274235635995865,0.347594797611237,0.333206176757812,0.248373731970787,0.419244289398193,0.545692145824432,0.437791138887405,0.535206019878387,0.486557990312576,0.380144685506821,0.624359250068665,0.43235969543457,0.252933651208878,0.507772028446198,0.658524334430695,0.383342891931534,0.312530487775803,0.352858394384384,0.258517980575562,0.293950974941254,0.401494145393372,0.516484558582306,0.612745225429535,0.54949939250946
"20",0.286416530609131,0.534011781215668,0.520299851894379,0.507511675357819,0.491734743118286,0.534252464771271,0.568931877613068,0.41019943356514,0.379765927791595,0.261555284261703,0.522284388542175,0.431427001953125,0.524188280105591,0.376034170389175,0.402175456285477,0.349426776170731,0.361600369215012,0.460935264825821,0.472579836845398,0.422983556985855,0.541780471801758,0.518554866313934,0.511676490306854,0.535079479217529,0.554070115089417,0.26531907916069,0.424744039773941,0.454625606536865,0.434181869029999,0.352900624275208,0.387811958789825,0.307629734277725,0.319768130779266,0.405865550041199,0.528796911239624,0.503451764583588,0.54458099603653
"21",0.217244327068329,0.648113310337067,0.465426862239838,0.54852169752121,0.520728647708893,0.529883146286011,0.585558712482452,0.289565563201904,0.28750815987587,0.107899613678455,0.657327055931091,0.412306010723114,0.520904839038849,0.199088573455811,0.427065700292587,0.284494817256927,0.220591604709625,0.393590897321701,0.589968919754028,0.284831672906876,0.549256086349487,0.507347464561462,0.400831371545792,0.684622585773468,0.54720401763916,0.110404774546623,0.388243436813354,0.55151903629303,0.267147839069366,0.154298469424248,0.447766602039337,0.13119450211525,0.298739343881607,0.4163778424263,0.485079169273376,0.538037359714508,0.49978169798851
"22",0.399303138256073,0.497986108064651,0.518370926380157,0.507195055484772,0.558043360710144,0.459932923316956,0.543508231639862,0.436845630407333,0.454617410898209,0.433293104171753,0.5379998087883,0.51544851064682,0.528343439102173,0.456596434116364,0.524779379367828,0.478320330381393,0.499690234661102,0.490603417158127,0.426132798194885,0.372202724218369,0.478607326745987,0.517273962497711,0.516360104084015,0.447071760892868,0.530580937862396,0.384622126817703,0.434059143066406,0.427670270204544,0.432066172361374,0.392855226993561,0.452733486890793,0.420350342988968,0.482221901416779,0.461848706007004,0.542413055896759,0.41125813126564,0.418207317590714
"23",0.37685427069664,0.513071119785309,0.514159262180328,0.516359925270081,0.547654330730438,0.483358085155487,0.53573739528656,0.436934024095535,0.433146089315414,0.394968211650848,0.528270244598389,0.502206206321716,0.548109471797943,0.42412605881691,0.50392073392868,0.469853699207306,0.48303884267807,0.471397012472153,0.427773773670197,0.383421927690506,0.469980239868164,0.507572650909424,0.513561606407166,0.452210068702698,0.566324472427368,0.370996326208115,0.434449225664139,0.426451414823532,0.436596602201462,0.379357695579529,0.436680495738983,0.406954914331436,0.464538365602493,0.43964022397995,0.548689723014832,0.436659604310989,0.444482773542404
"24",0.288842409849167,0.518239796161652,0.51775586605072,0.520548939704895,0.510613858699799,0.505255401134491,0.583345890045166,0.396341294050217,0.351123452186584,0.236572623252869,0.527586221694946,0.419543266296387,0.534389913082123,0.386337250471115,0.419457495212555,0.321439296007156,0.344198793172836,0.469359517097473,0.498582571744919,0.39695993065834,0.574428558349609,0.521383285522461,0.516211450099945,0.565081655979156,0.545515239238739,0.218654319643974,0.396064341068268,0.440452724695206,0.407500445842743,0.327181160449982,0.431918978691101,0.26893275976181,0.313054144382477,0.435180276632309,0.499869018793106,0.474516719579697,0.532532751560211
"25",0.430709034204483,0.52347069978714,0.513704240322113,0.497771114110947,0.492780119180679,0.523917138576508,0.517787754535675,0.458718091249466,0.468974679708481,0.415479302406311,0.513269007205963,0.480532616376877,0.48222741484642,0.454328596591949,0.477161288261414,0.450276225805283,0.456593453884125,0.493477314710617,0.484810143709183,0.46229749917984,0.49576923251152,0.5258509516716,0.493782788515091,0.510602056980133,0.515457034111023,0.441123425960541,0.480542212724686,0.48342564702034,0.473774671554565,0.438015401363373,0.445029467344284,0.429721981287003,0.44652071595192,0.457740187644958,0.507735908031464,0.497337639331818,0.501803815364838
"26",0.3873071372509,0.636195719242096,0.454945355653763,0.53919643163681,0.43516793847084,0.532449424266815,0.456583052873611,0.408697783946991,0.318585485219955,0.18904809653759,0.550679564476013,0.387128204107285,0.534588396549225,0.266227960586548,0.403119772672653,0.349994033575058,0.264004170894623,0.373829454183578,0.655663967132568,0.47609081864357,0.534089922904968,0.409167349338531,0.381727457046509,0.68494588136673,0.595970630645752,0.229263439774513,0.45336052775383,0.586067259311676,0.371917098760605,0.290827006101608,0.558989584445953,0.246758311986923,0.370726644992828,0.478785485029221,0.394907116889954,0.620581984519958,0.592228710651398
"27",0.303016573190689,0.52944940328598,0.559849917888641,0.541413545608521,0.5159050822258,0.501997649669647,0.587412893772125,0.373002409934998,0.441313028335571,0.414939641952515,0.494239896535873,0.47306963801384,0.583890438079834,0.380693793296814,0.443773180246353,0.516741096973419,0.540024876594543,0.479878276586533,0.387326180934906,0.368795931339264,0.432403862476349,0.550937175750732,0.57390958070755,0.390545636415482,0.533672034740448,0.402787089347839,0.42339301109314,0.343354851007462,0.40416145324707,0.394327282905579,0.365093737840652,0.45709553360939,0.403534442186356,0.386848002672195,0.567064166069031,0.454873859882355,0.456646531820297
"28",0.321008592844009,0.544047832489014,0.526058256626129,0.507791519165039,0.484180212020874,0.524729073047638,0.554388225078583,0.409665942192078,0.416155368089676,0.325179755687714,0.519241392612457,0.448132008314133,0.521417677402496,0.38034451007843,0.416157573461533,0.410943537950516,0.410937070846558,0.463352143764496,0.46620038151741,0.427694737911224,0.504081428050995,0.516089141368866,0.509503781795502,0.503409922122955,0.533089637756348,0.332228183746338,0.44411888718605,0.451676040887833,0.430859297513962,0.382508665323257,0.397061467170715,0.367769926786423,0.361450850963593,0.413659393787384,0.525532603263855,0.507131099700928,0.520881235599518
"29",0.341275453567505,0.564243257045746,0.50257408618927,0.534835755825043,0.504457354545593,0.54006165266037,0.562066555023193,0.377035409212112,0.390325605869293,0.2574203312397,0.556480586528778,0.441412568092346,0.499158978462219,0.353292554616928,0.464200496673584,0.375646084547043,0.365350961685181,0.475714147090912,0.536937415599823,0.386995077133179,0.525112688541412,0.55341500043869,0.477175623178482,0.594136774539948,0.517006874084473,0.284969747066498,0.438695549964905,0.484466999769211,0.385085046291351,0.30620875954628,0.448931872844696,0.282258659601212,0.377700477838516,0.443818539381027,0.487920433282852,0.511137843132019,0.510018944740295
"30",0.356748521327972,0.539425194263458,0.54039466381073,0.523354411125183,0.500398874282837,0.508764982223511,0.574824869632721,0.379556864500046,0.458039820194244,0.395968288183212,0.526387393474579,0.468804627656937,0.509239673614502,0.401616007089615,0.462558001279831,0.471960335969925,0.480236381292343,0.499833643436432,0.462671190500259,0.390312820672989,0.47688090801239,0.563737034797668,0.527266144752502,0.481356412172318,0.474437981843948,0.398047059774399,0.448816001415253,0.421363919973373,0.401320368051529,0.389651447534561,0.414096385240555,0.410542726516724,0.409834057092667,0.434198260307312,0.517442584037781,0.477590292692184,0.468172907829285
"31",0.284968703985214,0.504646718502045,0.52361011505127,0.474398374557495,0.512050032615662,0.492385596036911,0.57408732175827,0.431232184171677,0.399449199438095,0.296218037605286,0.538968741893768,0.457288295030594,0.506397485733032,0.419273167848587,0.410510867834091,0.343685328960419,0.36681804060936,0.467700093984604,0.435599595308304,0.410962402820587,0.558548152446747,0.499272704124451,0.514216005802155,0.50118488073349,0.535080909729004,0.253992795944214,0.417243331670761,0.462541282176971,0.447642624378204,0.374781966209412,0.382259219884872,0.320609718561172,0.325117141008377,0.417857468128204,0.54992800951004,0.458014249801636,0.510757386684418
"32",0.319422334432602,0.655759692192078,0.467048108577728,0.474507331848145,0.37348946928978,0.568138420581818,0.469231635332108,0.415956526994705,0.348694145679474,0.174211546778679,0.568262040615082,0.371545791625977,0.457231253385544,0.255407124757767,0.310522526502609,0.296207100152969,0.207613199949265,0.366604745388031,0.64297491312027,0.53645932674408,0.567758858203888,0.400517761707306,0.36397784948349,0.694289565086365,0.541882514953613,0.217867717146873,0.489223301410675,0.655387163162231,0.405389875173569,0.32735550403595,0.461298286914825,0.240458801388741,0.277274638414383,0.435659378767014,0.421034634113312,0.675367534160614,0.649456262588501
"33",0.337580054998398,0.555364787578583,0.501900434494019,0.499435931444168,0.45153334736824,0.538579761981964,0.521717667579651,0.437954425811768,0.373167276382446,0.254320740699768,0.514348387718201,0.409441471099854,0.505248546600342,0.371511578559875,0.38395556807518,0.336169332265854,0.321374356746674,0.44012439250946,0.541687309741974,0.487378418445587,0.559503436088562,0.47478061914444,0.469057887792587,0.592951595783234,0.556046783924103,0.275392770767212,0.448496907949448,0.515185177326202,0.448289394378662,0.377394944429398,0.443008929491043,0.307975947856903,0.323680311441422,0.437759160995483,0.473757594823837,0.556136012077332,0.587619662284851
"34",0.303814679384232,0.542579174041748,0.539251744747162,0.511645019054413,0.528067529201508,0.509540677070618,0.579887330532074,0.381656497716904,0.460051357746124,0.391518145799637,0.546007990837097,0.500569462776184,0.531049728393555,0.374619990587234,0.462669342756271,0.489115685224533,0.493522077798843,0.477509707212448,0.392219036817551,0.354777902364731,0.442405730485916,0.549786865711212,0.531054317951202,0.419921636581421,0.5169797539711,0.379348158836365,0.442554950714111,0.410708516836166,0.405707359313965,0.363984107971191,0.353940516710281,0.412722408771515,0.41570171713829,0.38975977897644,0.585565507411957,0.455385982990265,0.438827902078629
"35",0.306837499141693,0.565646648406982,0.524864971637726,0.489314496517181,0.513250708580017,0.474302023649216,0.572799444198608,0.366227835416794,0.448451787233353,0.351607471704483,0.590331852436066,0.489757537841797,0.492254644632339,0.351239204406738,0.4488745033741,0.447331458330154,0.418287307024002,0.460314512252808,0.447284698486328,0.348110854625702,0.481141954660416,0.514704585075378,0.482074767351151,0.480812132358551,0.469089537858963,0.307427048683167,0.440119355916977,0.477778524160385,0.366488754749298,0.336274594068527,0.39796307682991,0.354215502738953,0.394303798675537,0.426387757062912,0.543099641799927,0.466791212558746,0.433540850877762
"36",0.357423692941666,0.533893823623657,0.504897654056549,0.47307214140892,0.505192458629608,0.481287211179733,0.522198557853699,0.448563367128372,0.430346578359604,0.352111876010895,0.55280864238739,0.482243597507477,0.497216314077377,0.407770395278931,0.444786339998245,0.407675951719284,0.392818361520767,0.449023723602295,0.46319192647934,0.425441026687622,0.515189707279205,0.465410083532333,0.470558047294617,0.502141535282135,0.535203993320465,0.317856907844543,0.45001345872879,0.507008671760559,0.443094670772552,0.388598412275314,0.431574702262878,0.36739593744278,0.403519660234451,0.445903331041336,0.528461337089539,0.478952616453171,0.485289990901947
"37",0.400230705738068,0.514502763748169,0.50307708978653,0.469714522361755,0.557933509349823,0.414214611053467,0.514290809631348,0.452340960502625,0.46188497543335,0.445297002792358,0.578359067440033,0.537436664104462,0.513107061386108,0.437679201364517,0.516090869903564,0.481785595417023,0.465340733528137,0.452836811542511,0.421488702297211,0.366824090480804,0.477770864963531,0.447431415319443,0.47060638666153,0.436987042427063,0.526039958000183,0.34754490852356,0.438459634780884,0.486034870147705,0.420313894748688,0.388358175754547,0.468924343585968,0.417101472616196,0.496783941984177,0.476627558469772,0.54639858007431,0.406133830547333,0.390842854976654
"38",0.2259431630373,0.640192329883575,0.48785001039505,0.48336461186409,0.452964782714844,0.627224922180176,0.57642537355423,0.349335581064224,0.391172468662262,0.158634021878242,0.625049471855164,0.430711716413498,0.420900851488113,0.250577360391617,0.368354499340057,0.295934349298477,0.243435263633728,0.433435201644897,0.532101213932037,0.396992564201355,0.533449709415436,0.555899441242218,0.415307074785233,0.644948661327362,0.504611551761627,0.215774223208427,0.480126440525055,0.602218210697174,0.382405161857605,0.24707205593586,0.31500780582428,0.200783833861351,0.273445338010788,0.357189536094666,0.550535082817078,0.606929063796997,0.572874367237091
"39",0.347893506288528,0.576159238815308,0.522950708866119,0.478311389684677,0.466678977012634,0.513215065002441,0.533626556396484,0.406295746564865,0.47385972738266,0.388495713472366,0.555824279785156,0.478414237499237,0.47579550743103,0.365265220403671,0.419429183006287,0.464347213506699,0.424588561058044,0.454549670219421,0.464851140975952,0.429197639226913,0.469413131475449,0.499181419610977,0.471517354249954,0.486364126205444,0.481728285551071,0.391010403633118,0.482037365436554,0.507441461086273,0.419017821550369,0.401125311851501,0.391333818435669,0.413578689098358,0.398982912302017,0.420242846012115,0.530716896057129,0.525332987308502,0.488101273775101
"40",0.405227571725845,0.572496116161346,0.507077038288116,0.465179085731506,0.439292758703232,0.539108514785767,0.506551265716553,0.443562358617783,0.47861585021019,0.37471604347229,0.546460866928101,0.46113133430481,0.429004490375519,0.400812655687332,0.416620552539825,0.41866797208786,0.37959161400795,0.467386871576309,0.526826143264771,0.494700461626053,0.511468410491943,0.499070107936859,0.444349527359009,0.559354901313782,0.469561219215393,0.411000937223434,0.509280741214752,0.566097319126129,0.457638561725616,0.432407110929489,0.427219390869141,0.398136705160141,0.394111931324005,0.451198071241379,0.488447219133377,0.562409818172455,0.537629723548889
"41",0.333349913358688,0.646710753440857,0.455421149730682,0.493890166282654,0.461826324462891,0.493031173944473,0.476461291313171,0.389002531766891,0.350732743740082,0.201547339558601,0.620124995708466,0.43470087647438,0.498812049627304,0.24831710755825,0.406859040260315,0.360387891530991,0.255643010139465,0.362176388502121,0.598525106906891,0.40971964597702,0.518794894218445,0.39339542388916,0.360039532184601,0.641175091266632,0.555162250995636,0.199133366346359,0.452738076448441,0.621251285076141,0.343193352222443,0.263407588005066,0.505864262580872,0.236756220459938,0.373602330684662,0.460933804512024,0.451962292194366,0.581882774829865,0.521876811981201
"42",0.364251494407654,0.581085860729218,0.483905375003815,0.445374429225922,0.496491551399231,0.457533717155457,0.487414360046387,0.443829953670502,0.447996526956558,0.355897694826126,0.607360303401947,0.507356584072113,0.471409410238266,0.354088664054871,0.443257004022598,0.433126866817474,0.360794395208359,0.407291084527969,0.476133406162262,0.411541163921356,0.488783776760101,0.41037318110466,0.407383114099503,0.507588446140289,0.52130138874054,0.304658383131027,0.47197213768959,0.583817005157471,0.412202060222626,0.361983716487885,0.443968117237091,0.360480815172195,0.434033185243607,0.453412741422653,0.529813289642334,0.500478327274323,0.453878551721573
"43",0.396080046892166,0.642736673355103,0.462954252958298,0.484154373407364,0.407690227031708,0.547881424427032,0.445551156997681,0.436669558286667,0.392663210630417,0.248920679092407,0.567602813243866,0.419159710407257,0.465946167707443,0.288282305002213,0.380549371242523,0.377439916133881,0.276615619659424,0.382078051567078,0.618316769599915,0.515861570835114,0.514850974082947,0.40797883272171,0.366856753826141,0.648841738700867,0.54681009054184,0.302283227443695,0.505090296268463,0.638289928436279,0.414716392755508,0.350763946771622,0.493532598018646,0.305906921625137,0.376168996095657,0.458608090877533,0.433581829071045,0.639977812767029,0.589290857315063
"44",0.329214125871658,0.549722254276276,0.511967241764069,0.527972459793091,0.507644653320312,0.569126665592194,0.57679408788681,0.386599093675613,0.413395583629608,0.272964328527451,0.546520233154297,0.452062636613846,0.484725832939148,0.376674383878708,0.463980615139008,0.376522094011307,0.386434614658356,0.497370600700378,0.502317309379578,0.39436462521553,0.519133150577545,0.587338089942932,0.498796969652176,0.571378886699677,0.515508234500885,0.319778561592102,0.450408548116684,0.471351146697998,0.415588319301605,0.32450133562088,0.400016963481903,0.300258159637451,0.371458798646927,0.41889488697052,0.521960973739624,0.507386267185211,0.516621589660645
"45",0.36368516087532,0.550376653671265,0.504766404628754,0.518506526947021,0.501666843891144,0.546736061573029,0.544414520263672,0.412585616111755,0.419608652591705,0.304867684841156,0.540720760822296,0.459763169288635,0.492878645658493,0.385882556438446,0.466292828321457,0.399705022573471,0.396019101142883,0.479395806789398,0.506247222423553,0.416943997144699,0.509300291538239,0.544881045818329,0.483120232820511,0.558241426944733,0.530069649219513,0.341324180364609,0.458137661218643,0.487019002437592,0.427771002054214,0.35029599070549,0.429258078336716,0.331956267356873,0.400449723005295,0.435842126607895,0.51040905714035,0.510175347328186,0.512234568595886
"46",0.298932075500488,0.601574659347534,0.478961050510406,0.518785715103149,0.432191997766495,0.571528911590576,0.508761823177338,0.415414184331894,0.314300864934921,0.164434179663658,0.52896910905838,0.373729676008224,0.523224771022797,0.291177541017532,0.352641671895981,0.288395792245865,0.247971966862679,0.397833943367004,0.596337258815765,0.48924121260643,0.571687757968903,0.451292276382446,0.431421488523483,0.661702990531921,0.600677728652954,0.203484266996384,0.440932333469391,0.551999032497406,0.4178406894207,0.307282090187073,0.452370285987854,0.230297565460205,0.284477025270462,0.421701848506927,0.451516419649124,0.611137628555298,0.633413970470428
"47",0.34997770190239,0.543087840080261,0.51458740234375,0.491912424564362,0.499543726444244,0.546862423419952,0.556403517723083,0.417560696601868,0.455671012401581,0.338576018810272,0.552018940448761,0.478101432323456,0.462215572595596,0.405338257551193,0.457481324672699,0.4058698117733,0.407170325517654,0.491908192634583,0.471767693758011,0.417473047971725,0.506684899330139,0.555612742900848,0.488461554050446,0.528963565826416,0.499152183532715,0.365739792585373,0.47135716676712,0.497214436531067,0.443196535110474,0.373948276042938,0.388217926025391,0.355730324983597,0.39317187666893,0.422657132148743,0.539492309093475,0.500984489917755,0.49996292591095
"48",0.390409171581268,0.531999588012695,0.529101014137268,0.499055027961731,0.509649276733398,0.477944701910019,0.528715968132019,0.430032670497894,0.476228773593903,0.461743354797363,0.524695813655853,0.501879751682281,0.525199174880981,0.420359760522842,0.473287969827652,0.51455420255661,0.507797479629517,0.470289170742035,0.426962673664093,0.410748928785324,0.448820173740387,0.498634606599808,0.509409666061401,0.42803031206131,0.517130553722382,0.436287224292755,0.460516482591629,0.439623713493347,0.434989899396896,0.428526431322098,0.42399674654007,0.472457617521286,0.463336735963821,0.4388407766819,0.53969419002533,0.464116156101227,0.446422666311264
"49",0.368952482938766,0.551504135131836,0.507801294326782,0.522853314876556,0.479655116796494,0.551896393299103,0.527887046337128,0.427745550870895,0.408030837774277,0.30852285027504,0.510753750801086,0.441379129886627,0.514851272106171,0.38407626748085,0.439282715320587,0.403781563043594,0.398414522409439,0.465497881174088,0.512160062789917,0.454358279705048,0.507161796092987,0.521651268005371,0.489345878362656,0.552275955677032,0.554520905017853,0.354984968900681,0.460004031658173,0.47670790553093,0.445502817630768,0.37770614027977,0.434326231479645,0.355198264122009,0.388462454080582,0.431353360414505,0.498151004314423,0.532954275608063,0.544021427631378
"50",0.239770531654358,0.579498589038849,0.520430207252502,0.501278102397919,0.531318724155426,0.530400156974792,0.59177702665329,0.354188740253448,0.423565804958344,0.280920475721359,0.59787255525589,0.494541794061661,0.514707386493683,0.304338544607162,0.438280582427979,0.424458891153336,0.400792807340622,0.446662425994873,0.402883172035217,0.321805387735367,0.458773285150528,0.541255354881287,0.492204904556274,0.466477543115616,0.53031861782074,0.274706602096558,0.434896260499954,0.462116003036499,0.37335067987442,0.284475326538086,0.321579903364182,0.309947192668915,0.365985840559006,0.36217725276947,0.605989575386047,0.477332979440689,0.448128402233124
"51",0.228038802742958,0.69193971157074,0.470687031745911,0.472831934690475,0.410758942365646,0.577937662601471,0.551471531391144,0.315026551485062,0.357893109321594,0.1275385171175,0.665692269802094,0.395960927009583,0.405755966901779,0.195417582988739,0.329246997833252,0.273698747158051,0.179683849215508,0.384065508842468,0.624749779701233,0.397853672504425,0.562280297279358,0.480749130249023,0.34962123632431,0.71351832151413,0.45773908495903,0.153225854039192,0.473586529493332,0.673188507556915,0.311069190502167,0.216376811265945,0.389990985393524,0.161618307232857,0.248359844088554,0.401950269937515,0.469292134046555,0.649350881576538,0.580066382884979
"52",0.366091966629028,0.520153403282166,0.529748141765594,0.520337104797363,0.531615376472473,0.486177563667297,0.575920403003693,0.389403581619263,0.446213096380234,0.383716762065887,0.542419791221619,0.482669621706009,0.508445799350739,0.422949075698853,0.494896948337555,0.450738042593002,0.468993425369263,0.504619479179382,0.461727917194366,0.366708517074585,0.495875328779221,0.558942854404449,0.521536588668823,0.491256862878799,0.483381152153015,0.360235810279846,0.433324784040451,0.426469802856445,0.398812741041183,0.36887726187706,0.438483566045761,0.379989951848984,0.427274346351624,0.45377105474472,0.518923342227936,0.441886454820633,0.443909525871277
"53",0.368584841489792,0.542708396911621,0.493938684463501,0.536174237728119,0.529645085334778,0.535187065601349,0.530828595161438,0.423715770244598,0.392273843288422,0.292901247739792,0.534640848636627,0.467858523130417,0.53582763671875,0.379631668329239,0.492386162281036,0.40877041220665,0.408019632101059,0.463343352079391,0.495074063539505,0.398555189371109,0.496116101741791,0.5248863697052,0.485272467136383,0.544619083404541,0.585041999816895,0.322207987308502,0.440107256174088,0.464819461107254,0.426727443933487,0.328575313091278,0.450406670570374,0.324352383613586,0.430052876472473,0.436867356300354,0.518336534500122,0.4890176653862,0.497665494680405
"54",0.2677181661129,0.641912639141083,0.484344363212585,0.422128647565842,0.441018521785736,0.535821437835693,0.527851223945618,0.38599619269371,0.444394618272781,0.240356847643852,0.653917849063873,0.470974445343018,0.394909828901291,0.272969931364059,0.362227618694305,0.348013490438461,0.256466895341873,0.401142716407776,0.51248174905777,0.415715575218201,0.519858658313751,0.454059511423111,0.373507350683212,0.590079665184021,0.4608314037323,0.240364074707031,0.498563677072525,0.658427655696869,0.383941769599915,0.304353624582291,0.352547228336334,0.264655858278275,0.317448019981384,0.399135112762451,0.54186475276947,0.585523903369904,0.517431080341339
"55",0.344296038150787,0.551571369171143,0.497448831796646,0.502155542373657,0.524777352809906,0.519365847110748,0.532715678215027,0.423785865306854,0.420327633619308,0.315195024013519,0.562836587429047,0.48856908082962,0.509191870689392,0.372243940830231,0.47392526268959,0.417222619056702,0.400939166545868,0.4530870616436,0.463438838720322,0.390886813402176,0.488200068473816,0.505707919597626,0.471106022596359,0.514511585235596,0.558702409267426,0.320138573646545,0.450984090566635,0.494073271751404,0.42540842294693,0.336986005306244,0.414786398410797,0.337732166051865,0.421919375658035,0.424243062734604,0.546398878097534,0.484927922487259,0.476993381977081
"56",0.30342909693718,0.55683970451355,0.510408401489258,0.552335202693939,0.50728565454483,0.582256615161896,0.594196796417236,0.360738396644592,0.372908920049667,0.216883212327957,0.543165981769562,0.423497974872589,0.502024054527283,0.349250823259354,0.454770088195801,0.340988099575043,0.354651868343353,0.496113538742065,0.532073557376862,0.380366384983063,0.539487540721893,0.603277683258057,0.504385530948639,0.611075520515442,0.525822699069977,0.267938613891602,0.429861515760422,0.455955624580383,0.39079213142395,0.28670659661293,0.410030603408813,0.251300454139709,0.338244646787643,0.4163518846035,0.502462208271027,0.517033815383911,0.538076817989349
"57",0.356737673282623,0.521649897098541,0.506139874458313,0.541464149951935,0.550157010555267,0.530204951763153,0.560070693492889,0.410491585731506,0.401308745145798,0.306566834449768,0.534107387065887,0.476550936698914,0.535206735134125,0.402888923883438,0.510333836078644,0.411473482847214,0.4350805580616,0.489424914121628,0.470692813396454,0.371224790811539,0.499007880687714,0.560261487960815,0.512661457061768,0.525253176689148,0.566741704940796,0.325478464365005,0.428105264902115,0.431268721818924,0.421910047531128,0.326418280601501,0.435025542974472,0.326538980007172,0.429711431264877,0.434095859527588,0.533556938171387,0.455977708101273,0.475425481796265
"58",0.349315792322159,0.619824409484863,0.486502379179001,0.455036908388138,0.396101891994476,0.539389967918396,0.484108120203018,0.431242913007736,0.409163773059845,0.257088541984558,0.565789222717285,0.411694765090942,0.436710596084595,0.316892713308334,0.342670917510986,0.343756675720215,0.267515778541565,0.403685390949249,0.58820515871048,0.522075414657593,0.550225555896759,0.425532877445221,0.393060147762299,0.630877733230591,0.497695326805115,0.284066200256348,0.497745364904404,0.628410637378693,0.427402138710022,0.381971776485443,0.443976938724518,0.308200061321259,0.316780626773834,0.445539265871048,0.450792878866196,0.625200033187866,0.598512887954712
"59",0.341630816459656,0.557498335838318,0.505544304847717,0.507248818874359,0.519578397274017,0.507241129875183,0.531967878341675,0.414178192615509,0.424846261739731,0.338308095932007,0.555812656879425,0.488439708948135,0.526775062084198,0.361638486385345,0.466649562120438,0.447750955820084,0.425202608108521,0.445790857076645,0.452786445617676,0.386844545602798,0.468695551156998,0.496249347925186,0.478925943374634,0.487903237342834,0.556446969509125,0.335458904504776,0.448519647121429,0.474881947040558,0.414234936237335,0.345949321985245,0.414317727088928,0.364879637956619,0.428095042705536,0.420521646738052,0.546289801597595,0.484666079282761,0.467580944299698
"60",0.382510185241699,0.516069829463959,0.511683285236359,0.528376638889313,0.528060376644135,0.550354361534119,0.54767370223999,0.436002403497696,0.431607514619827,0.347352921962738,0.513855814933777,0.478045463562012,0.514216542243958,0.432341486215591,0.49816569685936,0.424606263637543,0.453326731920242,0.500733196735382,0.466097950935364,0.415240734815598,0.494393855333328,0.565685033798218,0.517052054405212,0.515312552452087,0.557365953922272,0.389726281166077,0.454067289829254,0.441534876823425,0.460610508918762,0.375889867544174,0.419132888317108,0.372153908014297,0.433607906103134,0.430112153291702,0.535894811153412,0.476521909236908,0.498043358325958
"61",0.361049920320511,0.513600528240204,0.518024146556854,0.483296871185303,0.509974598884583,0.447615116834641,0.521498203277588,0.453903257846832,0.419963002204895,0.389317691326141,0.522995293140411,0.476863116025925,0.541281342506409,0.425370275974274,0.440017640590668,0.434482127428055,0.43249049782753,0.444076180458069,0.442171454429626,0.426624149084091,0.50768119096756,0.44318026304245,0.49912902712822,0.458426147699356,0.55183219909668,0.32448622584343,0.428960174322128,0.456111431121826,0.443352162837982,0.417079955339432,0.44913512468338,0.408636420965195,0.409507691860199,0.452465057373047,0.522639393806458,0.454864233732224,0.476082116365433
"62",0.290505677461624,0.566300630569458,0.497729629278183,0.487583339214325,0.488185524940491,0.533812880516052,0.545089364051819,0.412309199571609,0.383980125188828,0.240066632628441,0.566144943237305,0.445689350366592,0.493904829025269,0.341232240200043,0.405435025691986,0.341013520956039,0.318410992622375,0.435585856437683,0.494586825370789,0.417221784591675,0.53804075717926,0.489202111959457,0.459209769964218,0.565777838230133,0.550709068775177,0.244483888149261,0.442387670278549,0.524856925010681,0.420232653617859,0.322610169649124,0.395690590143204,0.278281152248383,0.332416087388992,0.41120445728302,0.528738796710968,0.524546921253204,0.535178899765015
"63",0.333261102437973,0.639674782752991,0.46368271112442,0.467190861701965,0.445231944322586,0.526357531547546,0.47409400343895,0.41674217581749,0.393033742904663,0.233515188097954,0.610348165035248,0.449473559856415,0.464859247207642,0.272071361541748,0.390170574188232,0.368780702352524,0.269991189241409,0.375823110342026,0.563700735569,0.447849541902542,0.508649289608002,0.409275382757187,0.367562741041183,0.613877832889557,0.545547485351562,0.249848574399948,0.485116541385651,0.635433077812195,0.391392260789871,0.30651867389679,0.446502387523651,0.275210112333298,0.368295311927795,0.434117376804352,0.487653285264969,0.597474932670593,0.540065884590149
"64",0.263666868209839,0.612561404705048,0.529589831829071,0.480897903442383,0.451422423124313,0.52964061498642,0.562951028347015,0.3567895591259,0.445661216974258,0.311652541160583,0.579105377197266,0.457679599523544,0.48501992225647,0.291248649358749,0.369747579097748,0.437705099582672,0.378303170204163,0.428879380226135,0.456676423549652,0.39749464392662,0.465390354394913,0.501044988632202,0.467598140239716,0.491727650165558,0.47826012969017,0.31591922044754,0.468415945768356,0.507493317127228,0.376465827226639,0.345304936170578,0.340289920568466,0.357156366109848,0.333826899528503,0.377788990736008,0.55016964673996,0.551558196544647,0.501534461975098
"65",0.381586521863937,0.53771299123764,0.513729989528656,0.49032336473465,0.480734258890152,0.537620723247528,0.533385038375854,0.440802544355392,0.451866447925568,0.358453810214996,0.527845025062561,0.464925855398178,0.470695555210114,0.4228355884552,0.444704502820969,0.409700095653534,0.409000366926193,0.48445662856102,0.490931004285812,0.457696825265884,0.514345347881317,0.52797269821167,0.486260592937469,0.533628225326538,0.508554518222809,0.38542765378952,0.475805878639221,0.500438034534454,0.461561352014542,0.410682141780853,0.417569220066071,0.382611483335495,0.396488279104233,0.439684092998505,0.513050377368927,0.515060603618622,0.522186994552612
"66",0.241835698485374,0.547340452671051,0.497991561889648,0.533408224582672,0.545209884643555,0.484153926372528,0.591371953487396,0.358628362417221,0.305755168199539,0.173165395855904,0.578658759593964,0.425733685493469,0.562898993492126,0.313423842191696,0.433327168226242,0.301352262496948,0.299421012401581,0.431679308414459,0.501453459262848,0.325097769498825,0.569122791290283,0.497286468744278,0.486668854951859,0.583376109600067,0.577312588691711,0.144584491848946,0.365157097578049,0.452265202999115,0.346953839063644,0.238829255104065,0.440446943044662,0.199712097644806,0.309528023004532,0.426381021738052,0.512895941734314,0.456995338201523,0.496437132358551
"67",0.32499897480011,0.601166129112244,0.479794889688492,0.474729657173157,0.478401452302933,0.520818650722504,0.505542159080505,0.41795802116394,0.404352724552155,0.260631203651428,0.595507264137268,0.465593278408051,0.477331042289734,0.312919467687607,0.417259603738785,0.377882182598114,0.313392281532288,0.408358961343765,0.515857875347137,0.42078423500061,0.507980167865753,0.449258238077164,0.411025702953339,0.571851491928101,0.544575989246368,0.265911638736725,0.468080371618271,0.580535769462585,0.405350029468536,0.31783002614975,0.423126488924026,0.293485373258591,0.377363413572311,0.426541268825531,0.517814874649048,0.547329902648926,0.513829469680786
"68",0.295736283063889,0.565927982330322,0.502613663673401,0.532513022422791,0.472957462072372,0.580109298229218,0.563777089118958,0.390207499265671,0.351504415273666,0.198371171951294,0.5289106965065,0.401012986898422,0.508426666259766,0.337239235639572,0.402313381433487,0.31272566318512,0.310095697641373,0.460104048252106,0.547919690608978,0.434507131576538,0.559299051761627,0.543642044067383,0.483838945627213,0.624001145362854,0.556216657161713,0.243311315774918,0.434401899576187,0.489511728286743,0.415260463953018,0.308806389570236,0.414457380771637,0.249139010906219,0.304851561784744,0.413299381732941,0.488020390272141,0.55412769317627,0.585920810699463
"69",0.280239552259445,0.530558347702026,0.520176827907562,0.505048632621765,0.553009569644928,0.532047986984253,0.591763198375702,0.391301244497299,0.429847836494446,0.308095723390579,0.57008558511734,0.500809371471405,0.509235024452209,0.3790123462677,0.476568758487701,0.408673822879791,0.426919341087341,0.484040856361389,0.401878625154495,0.340229272842407,0.485749363899231,0.566973507404327,0.51706737279892,0.472174406051636,0.539679765701294,0.304243892431259,0.431862592697144,0.441075295209885,0.416837632656097,0.316367894411087,0.344048649072647,0.324634850025177,0.389522850513458,0.3858502805233,0.599628448486328,0.444549769163132,0.452092945575714
"70",0.313341200351715,0.605631053447723,0.521406471729279,0.514671266078949,0.449767142534256,0.553756952285767,0.549806654453278,0.3657006919384,0.42902410030365,0.301975935697556,0.548901081085205,0.438353002071381,0.495816886425018,0.308901458978653,0.397612929344177,0.434165894985199,0.387619704008102,0.446762531995773,0.507799744606018,0.421705216169357,0.474151581525803,0.526087403297424,0.472630769014359,0.539216756820679,0.495998471975327,0.345666348934174,0.471533745527267,0.494552880525589,0.386580646038055,0.348602771759033,0.389195948839188,0.352644294500351,0.357003569602966,0.402536749839783,0.508111596107483,0.566188037395477,0.527865529060364
"71",0.363361418247223,0.517282843589783,0.507703185081482,0.554827511310577,0.551107823848724,0.538219034671783,0.564093828201294,0.407079219818115,0.393577039241791,0.300390481948853,0.522233426570892,0.467999994754791,0.543289244174957,0.407434046268463,0.516164243221283,0.409120202064514,0.441288381814957,0.497478157281876,0.480673938989639,0.372949689626694,0.501981794834137,0.573989450931549,0.522145569324493,0.534882307052612,0.571103394031525,0.329731613397598,0.424225032329559,0.416427046060562,0.421764880418777,0.324885636568069,0.443932741880417,0.323418289422989,0.429622679948807,0.437070280313492,0.524057865142822,0.456978499889374,0.483226656913757
"72",0.390409171581268,0.531999588012695,0.529101014137268,0.499055027961731,0.509649276733398,0.477944701910019,0.528715968132019,0.430032670497894,0.476228773593903,0.461743354797363,0.524695813655853,0.501879751682281,0.525199174880981,0.420359760522842,0.473287969827652,0.51455420255661,0.507797479629517,0.470289170742035,0.426962673664093,0.410748928785324,0.448820173740387,0.498634606599808,0.509409666061401,0.42803031206131,0.517130553722382,0.436287224292755,0.460516482591629,0.439623713493347,0.434989899396896,0.428526431322098,0.42399674654007,0.472457617521286,0.463336735963821,0.4388407766819,0.53969419002533,0.464116156101227,0.446422666311264
"73",0.246331483125687,0.69405210018158,0.450339257717133,0.454630047082901,0.425729960203171,0.55134379863739,0.497968316078186,0.360375881195068,0.357863217592239,0.144135981798172,0.670440375804901,0.427457630634308,0.4339379966259,0.19251574575901,0.340803980827332,0.303045094013214,0.186637714505196,0.342571437358856,0.593987226486206,0.409488707780838,0.529765486717224,0.404924243688583,0.324135154485703,0.67491090297699,0.525516092777252,0.159739270806313,0.480511248111725,0.694615662097931,0.334822028875351,0.225675776600838,0.402549564838409,0.183859497308731,0.292818814516068,0.400910586118698,0.495085746049881,0.641283512115479,0.559726238250732
"74",0.318589240312576,0.525620758533478,0.518457233905792,0.532024145126343,0.547771096229553,0.45933872461319,0.599221110343933,0.354583293199539,0.379677027463913,0.277950167655945,0.571942090988159,0.454309970140457,0.52197676897049,0.383315950632095,0.48664391040802,0.374799847602844,0.387991964817047,0.488844454288483,0.502574384212494,0.323954164981842,0.547571539878845,0.54655134677887,0.507034242153168,0.55375736951828,0.48536029458046,0.230402663350105,0.389435142278671,0.433292925357819,0.346277058124542,0.294344812631607,0.474189400672913,0.273828029632568,0.375913143157959,0.470898568630219,0.489884525537491,0.426589161157608,0.444333523511887
"75",0.325975865125656,0.560072898864746,0.500956475734711,0.564247965812683,0.5155069231987,0.578705310821533,0.575025498867035,0.369935482740402,0.364345639944077,0.219950675964355,0.5379558801651,0.427886515855789,0.522043585777283,0.344513952732086,0.473841160535812,0.35758101940155,0.36532261967659,0.485427975654602,0.540143013000488,0.380742818117142,0.525115311145782,0.588885426521301,0.496691673994064,0.611048221588135,0.553980469703674,0.27671617269516,0.429464846849442,0.453701466321945,0.390893191099167,0.281796663999557,0.435719788074493,0.256989926099777,0.367696762084961,0.424697786569595,0.495249718427658,0.516903221607208,0.532445549964905
"76",0.30580085515976,0.567642033100128,0.531918525695801,0.529173791408539,0.487919867038727,0.54174393415451,0.596656620502472,0.345441907644272,0.42237514257431,0.292014807462692,0.552563309669495,0.440449982881546,0.489473819732666,0.348972052335739,0.435272991657257,0.404350459575653,0.400307178497314,0.492892950773239,0.501858830451965,0.37567999958992,0.507660984992981,0.584312200546265,0.507679581642151,0.550387799739838,0.465029418468475,0.315147072076797,0.442174166440964,0.451841831207275,0.371813386678696,0.327386200428009,0.396921694278717,0.317753493785858,0.349866926670074,0.418881922960281,0.507583200931549,0.510362327098846,0.500223159790039
"77",0.366956382989883,0.551775574684143,0.545468688011169,0.513755917549133,0.441605031490326,0.530760228633881,0.554883778095245,0.39673587679863,0.454745471477509,0.39052614569664,0.492372304201126,0.429454028606415,0.497689187526703,0.400617331266403,0.401779621839523,0.450996071100235,0.448974817991257,0.48900431394577,0.50096333026886,0.468132466077805,0.49720087647438,0.541034460067749,0.521208524703979,0.51042628288269,0.467761158943176,0.419898957014084,0.46869570016861,0.444045335054398,0.428721159696579,0.442322492599487,0.416873037815094,0.432275682687759,0.364395618438721,0.434241056442261,0.481359750032425,0.538333475589752,0.537934482097626
"78",0.36138591170311,0.572480857372284,0.517549753189087,0.490982681512833,0.440100699663162,0.54253101348877,0.525270164012909,0.420327842235565,0.440694987773895,0.337132304906845,0.524670481681824,0.437342286109924,0.475732326507568,0.373542994260788,0.396005779504776,0.411903411149979,0.382813721895218,0.458022743463516,0.517623126506805,0.480069071054459,0.50880229473114,0.502776324748993,0.471769452095032,0.547788918018341,0.498405784368515,0.372633278369904,0.482144474983215,0.515393614768982,0.4401875436306,0.411258697509766,0.416001558303833,0.381952702999115,0.362211495637894,0.43071049451828,0.490001499652863,0.561802327632904,0.552064120769501
"79",0.316583514213562,0.530169010162354,0.504214465618134,0.539300918579102,0.513013482093811,0.499777525663376,0.558149933815002,0.400704830884933,0.332389682531357,0.228541687130928,0.522483170032501,0.414700567722321,0.558814406394958,0.369271218776703,0.436096698045731,0.334177613258362,0.343798756599426,0.451937258243561,0.527728855609894,0.399899572134018,0.563430845737457,0.498914569616318,0.500174880027771,0.582654118537903,0.57522052526474,0.217765554785728,0.393767982721329,0.443915784358978,0.397120893001556,0.313786119222641,0.477065443992615,0.265315622091293,0.340426027774811,0.451795488595963,0.475364238023758,0.484388440847397,0.533286869525909
"80",0.375310570001602,0.523213803768158,0.517686128616333,0.490591377019882,0.489003121852875,0.525895416736603,0.539093136787415,0.445208221673965,0.444978773593903,0.36199888586998,0.520442843437195,0.46457651257515,0.482347965240479,0.436492085456848,0.445035517215729,0.404886871576309,0.41546368598938,0.486837774515152,0.478611797094345,0.453569531440735,0.521363198757172,0.524544060230255,0.498779714107513,0.521010339260101,0.515555500984192,0.373878806829453,0.464096933603287,0.482888847589493,0.465528458356857,0.416061192750931,0.418395698070526,0.384803622961044,0.39187279343605,0.440898597240448,0.516834080219269,0.498289376497269,0.518425822257996
"81",0.315248429775238,0.512526750564575,0.526500165462494,0.503257155418396,0.510130822658539,0.521853089332581,0.570298314094543,0.422958821058273,0.412716805934906,0.319522142410278,0.518838584423065,0.45750093460083,0.516719460487366,0.417971342802048,0.435105055570602,0.383632361888885,0.411251485347748,0.483341932296753,0.44631290435791,0.415169507265091,0.526687741279602,0.534750044345856,0.526141464710236,0.50024551153183,0.539368510246277,0.31438422203064,0.431408852338791,0.438387811183929,0.448708653450012,0.380508482456207,0.389026820659637,0.350685060024261,0.358249068260193,0.415598183870316,0.542423188686371,0.472681671380997,0.512409210205078
"82",0.245152488350868,0.523877680301666,0.497428417205811,0.498294711112976,0.53291928768158,0.47602453827858,0.557020425796509,0.423646777868271,0.314394414424896,0.201296955347061,0.550460338592529,0.435916304588318,0.57371997833252,0.348109006881714,0.401283890008926,0.301900327205658,0.304820865392685,0.409481406211853,0.455427289009094,0.380801230669022,0.569135308265686,0.438195109367371,0.489804178476334,0.532284796237946,0.624359548091888,0.159688740968704,0.375740081071854,0.46230360865593,0.413087725639343,0.295192509889603,0.414635300636292,0.241705387830734,0.306564718484879,0.411333173513412,0.542426526546478,0.459357976913452,0.522050440311432
"83",0.359419524669647,0.553453862667084,0.507915496826172,0.481730043888092,0.476358145475388,0.534640491008759,0.531544864177704,0.432815164327621,0.442694902420044,0.330867230892181,0.546656847000122,0.463333427906036,0.465606361627579,0.395064771175385,0.430380880832672,0.395667433738708,0.379266262054443,0.46747949719429,0.495130270719528,0.449917912483215,0.517523765563965,0.51120924949646,0.468596011400223,0.543662965297699,0.508991658687592,0.350044786930084,0.474635183811188,0.523075759410858,0.447958469390869,0.389136731624603,0.410812467336655,0.357297092676163,0.381314814090729,0.433617174625397,0.516214787960052,0.524611353874207,0.523045778274536
"84",0.226443633437157,0.684882640838623,0.471921473741531,0.495754718780518,0.435697287321091,0.585137546062469,0.526933908462524,0.339590311050415,0.352419406175613,0.14934204518795,0.632072627544403,0.419300615787506,0.482307016849518,0.189792335033417,0.345580577850342,0.334754794836044,0.231496185064316,0.360549181699753,0.557368397712708,0.39399066567421,0.494431167840958,0.457125425338745,0.375640124082565,0.634954154491425,0.553964018821716,0.187304213643074,0.468533039093018,0.615963160991669,0.337670713663101,0.226147308945656,0.364217698574066,0.205017626285553,0.29169437289238,0.364957988262177,0.520660519599915,0.635060131549835,0.565308153629303
"85",0.335570842027664,0.651546835899353,0.469050019979477,0.486238718032837,0.408171474933624,0.587418913841248,0.48466157913208,0.40459081530571,0.387500733137131,0.204081922769547,0.58393669128418,0.411142706871033,0.445289522409439,0.266346335411072,0.365074008703232,0.340792685747147,0.25280898809433,0.395802766084671,0.60920923948288,0.491039752960205,0.52567046880722,0.456924468278885,0.375833004713058,0.666288137435913,0.530842661857605,0.270939916372299,0.503174781799316,0.637434363365173,0.40368977189064,0.313398092985153,0.434693992137909,0.260812520980835,0.329558342695236,0.423816084861755,0.459748208522797,0.649113118648529,0.602470278739929
"86",0.320197343826294,0.564286768436432,0.502656698226929,0.493261486291885,0.428433418273926,0.545449376106262,0.522818088531494,0.434409320354462,0.35944876074791,0.228339776396751,0.511345565319061,0.387583583593369,0.49773707985878,0.358029544353485,0.351369053125381,0.308237582445145,0.288710325956345,0.431465178728104,0.561931490898132,0.50882750749588,0.580512702465057,0.464280813932419,0.462379992008209,0.617180109024048,0.549710392951965,0.250593900680542,0.448162496089935,0.5309237241745,0.447459816932678,0.378553062677383,0.439627081155777,0.288790613412857,0.288099825382233,0.434926748275757,0.458718329668045,0.580362379550934,0.617564380168915
"87",0.389570832252502,0.52150022983551,0.522186279296875,0.498755931854248,0.492472559213638,0.504952490329742,0.548953771591187,0.426137238740921,0.446344375610352,0.373322457075119,0.525430798530579,0.46103635430336,0.480213195085526,0.441580146551132,0.457809776067734,0.412874042987823,0.424311935901642,0.497616618871689,0.496546983718872,0.436355441808701,0.527430891990662,0.533579230308533,0.501662373542786,0.530499279499054,0.4849913418293,0.369563400745392,0.455431938171387,0.473239421844482,0.43949031829834,0.411024928092957,0.447377383708954,0.382538199424744,0.39907705783844,0.463074058294296,0.493516743183136,0.485208362340927,0.500611841678619
"88",0.234593406319618,0.605945229530334,0.51486748456955,0.524026930332184,0.49931013584137,0.578088998794556,0.588432431221008,0.340309262275696,0.395621091127396,0.227072775363922,0.582689583301544,0.455719143152237,0.515856683254242,0.271445989608765,0.411563217639923,0.394864320755005,0.362262099981308,0.440633416175842,0.454300612211227,0.348638027906418,0.468535870313644,0.557460069656372,0.483266621828079,0.526468396186829,0.542499899864197,0.264985829591751,0.443359941244125,0.473780661821365,0.368921041488647,0.267757952213287,0.324948519468307,0.276755481958389,0.333000093698502,0.353051245212555,0.576865613460541,0.534282565116882,0.504865765571594
"89",0.280179440975189,0.665728211402893,0.449449777603149,0.44469541311264,0.468677848577499,0.467349112033844,0.478459417819977,0.384398132562637,0.369599610567093,0.197020411491394,0.675646901130676,0.468028783798218,0.467573195695877,0.22145688533783,0.384826272726059,0.353537738323212,0.226644426584244,0.333955556154251,0.552771627902985,0.37715083360672,0.510636389255524,0.355416774749756,0.328478991985321,0.610297322273254,0.537907540798187,0.165630772709846,0.458252936601639,0.671645641326904,0.329574435949326,0.243264451622963,0.451886892318726,0.221918538212776,0.358044564723969,0.436432868242264,0.502671241760254,0.57124000787735,0.484959363937378
"90",0.398118883371353,0.513662576675415,0.510647237300873,0.494083672761917,0.539773225784302,0.477975189685822,0.524052441120148,0.452835083007812,0.458703100681305,0.423656553030014,0.540111005306244,0.514274001121521,0.516956448554993,0.441478163003922,0.504486680030823,0.472552686929703,0.477506190538406,0.474085479974747,0.430323004722595,0.399016469717026,0.474069625139236,0.498046189546585,0.496874809265137,0.454487979412079,0.544022738933563,0.393296539783478,0.452001929283142,0.459967464208603,0.44978266954422,0.401219516992569,0.438056647777557,0.423245012760162,0.475238502025604,0.450077831745148,0.548006951808929,0.440753668546677,0.440270841121674
"91",0.255687028169632,0.576270341873169,0.50179398059845,0.493294715881348,0.468563437461853,0.569968819618225,0.566693723201752,0.393274128437042,0.364822834730148,0.193745791912079,0.562165081501007,0.417029350996017,0.482871770858765,0.320591241121292,0.373060196638107,0.298869550228119,0.282120615243912,0.440620541572571,0.513368844985962,0.426923424005508,0.561614215373993,0.516173422336578,0.464752614498138,0.602754354476929,0.54437643289566,0.217074349522591,0.440579265356064,0.527956485748291,0.417451292276382,0.304880321025848,0.368045777082443,0.240931481122971,0.2811538875103,0.391321986913681,0.524659156799316,0.55393922328949,0.576426684856415
